display_id,kind,track_id,label,start_x,start_y,end_x,end_y,avg_confidence,first_timestamp,last_timestamp
person_ID_5,FLUSH,5,person,624,510,624,510,0.4349,2026-07-28 01:03:51.355,2026-07-28 01:03:51.733
car_ID_2,FLUSH,7,car,1004,435,1004,435,0.4777,2026-07-28 01:03:51.355,2026-07-28 01:03:51.734
car_ID_3,FLUSH,8,car,833,630,834,628,0.3337,2026-07-28 01:03:51.375,2026-07-28 01:03:51.803
car_ID_5,FLUSH,10,car,481,475,481,475,0.3137,2026-07-28 01:03:51.658,2026-07-28 01:03:52.130
person_ID_1,FLUSH,1,person,646,500,630,520,0.4491,2026-07-28 01:03:51.354,2026-07-28 01:03:52.193
person_ID_6,FLUSH,12,person,547,343,547,342,0.3069,2026-07-28 01:03:52.167,2026-07-28 01:03:52.822
car_ID_1,FLUSH,6,car,442,409,441,427,0.3895,2026-07-28 01:03:51.355,2026-07-28 01:03:52.990
car_ID_4,FLUSH,9,car,492,336,493,335,0.3536,2026-07-28 01:03:51.545,2026-07-28 01:03:53.098
person_ID_2,FLUSH,2,person,618,432,644,483,0.7475,2026-07-28 01:03:51.355,2026-07-28 01:03:53.557
person_ID_3,FLUSH,3,person,709,425,709,446,0.7649,2026-07-28 01:03:51.355,2026-07-28 01:03:53.557
person_ID_4,FLUSH,4,person,565,423,598,467,0.6535,2026-07-28 01:03:51.355,2026-07-28 01:03:53.557
person_ID_13,FLUSH,20,person,1225,509,1226,509,0.3339,2026-07-28 01:03:53.428,2026-07-28 01:03:54.190
person_ID_14,FLUSH,21,person,51,535,51,535,0.3001,2026-07-28 01:03:53.868,2026-07-28 01:03:54.575
car_ID_6,FLUSH,18,car,348,470,348,470,0.3707,2026-07-28 01:03:54.693,2026-07-28 01:03:54.693
person_ID_12,FLUSH,17,person,1236,567,1236,567,0.4002,2026-07-28 01:03:53.161,2026-07-28 01:03:55.089
person_ID_16,FLUSH,26,person,549,537,557,536,0.4141,2026-07-28 01:03:56.092,2026-07-28 01:03:56.660
person_ID_15,FLUSH,25,person,518,534,554,532,0.3807,2026-07-28 01:03:55.735,2026-07-28 01:03:56.860
person_ID_7,FLUSH,9,person,503,354,505,355,0.3364,2026-07-28 01:03:53.124,2026-07-28 01:03:56.961
car_ID_7,FLUSH,27,car,343,472,343,472,0.3561,2026-07-28 01:03:56.323,2026-07-28 01:03:58.058
person_ID_18,FLUSH,29,person,661,506,677,505,0.3142,2026-07-28 01:03:57.461,2026-07-28 01:03:58.122
person_ID_17,FLUSH,28,person,574,512,716,485,0.5305,2026-07-28 01:03:56.660,2026-07-28 01:03:59.358
person_ID_19,FLUSH,31,person,712,494,730,480,0.3707,2026-07-28 01:03:58.391,2026-07-28 01:03:59.597
car_ID_9,FLUSH,32,car,406,529,404,529,0.3572,2026-07-28 01:03:58.592,2026-07-28 01:04:00.264
person_ID_21,FLUSH,34,person,51,536,51,535,0.3122,2026-07-28 01:03:59.024,2026-07-28 01:04:00.968
car_ID_10,FLUSH,38,car,403,531,403,530,0.4333,2026-07-28 01:04:01.390,2026-07-28 01:04:01.421
person_ID_23,FLUSH,39,person,502,354,502,354,0.3137,2026-07-28 01:04:01.457,2026-07-28 01:04:01.925
person_ID_22,FLUSH,36,person,747,492,751,493,0.4482,2026-07-28 01:04:00.493,2026-07-28 01:04:01.955
car_ID_8,FLUSH,30,car,343,471,343,471,0.3929,2026-07-28 01:03:58.058,2026-07-28 01:04:02.364
person_ID_24,FLUSH,40,person,723,464,723,464,0.3244,2026-07-28 01:04:02.061,2026-07-28 01:04:02.522
person_ID_25,FLUSH,41,person,1236,490,1237,488,0.3277,2026-07-28 01:04:02.195,2026-07-28 01:04:02.758
person_ID_26,FLUSH,43,person,507,355,508,355,0.3292,2026-07-28 01:04:02.497,2026-07-28 01:04:03.024
person_ID_29,FLUSH,46,person,360,419,360,419,0.3034,2026-07-28 01:04:03.693,2026-07-28 01:04:04.197
person_ID_27,FLUSH,44,person,721,464,719,465,0.3491,2026-07-28 01:04:02.658,2026-07-28 01:04:04.289
person_ID_28,FLUSH,45,person,509,358,509,357,0.3615,2026-07-28 01:04:03.292,2026-07-28 01:04:04.762
person_ID_31,FLUSH,48,person,1209,500,1208,501,0.3410,2026-07-28 01:04:04.198,2026-07-28 01:04:04.822
car_ID_11,FLUSH,45,car,490,339,490,339,0.4491,2026-07-28 01:04:04.791,2026-07-28 01:04:05.272
person_ID_33,FLUSH,51,person,1223,484,1223,483,0.3506,2026-07-28 01:04:05.023,2026-07-28 01:04:05.557
person_ID_11,FLUSH,16,person,591,571,291,412,0.6811,2026-07-28 01:03:53.161,2026-07-28 01:04:05.904
person_ID_10,FLUSH,15,person,754,493,762,493,0.6934,2026-07-28 01:03:53.161,2026-07-28 01:04:05.959
person_ID_32,FLUSH,50,person,1269,499,1269,502,0.3712,2026-07-28 01:04:04.822,2026-07-28 01:04:05.959
person_ID_35,FLUSH,54,person,694,425,694,425,0.3101,2026-07-28 01:04:05.397,2026-07-28 01:04:06.259
car_ID_13,FLUSH,56,car,397,349,398,349,0.3180,2026-07-28 01:04:05.603,2026-07-28 01:04:06.565
person_ID_36,FLUSH,57,person,51,535,51,535,0.3188,2026-07-28 01:04:06.227,2026-07-28 01:04:06.955
person_ID_34,FLUSH,52,person,716,465,725,460,0.3608,2026-07-28 01:04:05.161,2026-07-28 01:04:07.134
person_ID_37,FLUSH,59,person,1269,501,1269,502,0.3173,2026-07-28 01:04:06.322,2026-07-28 01:04:07.294
car_ID_12,FLUSH,55,car,405,529,405,529,0.3625,2026-07-28 01:04:05.603,2026-07-28 01:04:07.530
person_ID_39,FLUSH,62,person,1270,501,1245,491,0.3505,2026-07-28 01:04:07.439,2026-07-28 01:04:08.527
person_ID_38,FLUSH,60,person,504,353,508,356,0.3310,2026-07-28 01:04:06.491,2026-07-28 01:04:08.757
motorcycle_ID_1,FLUSH,52,motorcycle,715,468,715,469,0.3151,2026-07-28 01:04:07.158,2026-07-28 01:04:08.790
person_ID_20,FLUSH,33,person,1245,566,1260,551,0.4162,2026-07-28 01:03:58.992,2026-07-28 01:04:09.757
person_ID_44,FLUSH,68,person,1265,645,1265,645,0.3779,2026-07-28 01:04:09.693,2026-07-28 01:04:10.160
person_ID_40,FLUSH,65,person,1209,502,1208,503,0.3524,2026-07-28 01:04:08.457,2026-07-28 01:04:10.202
person_ID_43,FLUSH,67,person,515,358,515,357,0.3249,2026-07-28 01:04:09.592,2026-07-28 01:04:10.428
person_ID_45,FLUSH,70,person,1228,621,1228,621,0.3850,2026-07-28 01:04:10.428,2026-07-28 01:04:10.890
person_ID_46,FLUSH,71,person,638,629,640,630,0.3093,2026-07-28 01:04:10.428,2026-07-28 01:04:11.523
person_ID_47,FLUSH,73,person,516,357,515,356,0.3194,2026-07-28 01:04:10.789,2026-07-28 01:04:11.523
person_ID_41,FLUSH,52,person,716,465,716,466,0.3760,2026-07-28 01:04:08.837,2026-07-28 01:04:11.922
person_ID_48,FLUSH,72,person,1264,544,1264,540,0.3698,2026-07-28 01:04:10.925,2026-07-28 01:04:11.922
motorcycle_ID_2,FLUSH,81,motorcycle,713,474,713,474,0.3101,2026-07-28 01:04:13.395,2026-07-28 01:04:13.395
person_ID_52,FLUSH,79,person,515,357,515,358,0.3195,2026-07-28 01:04:12.559,2026-07-28 01:04:13.465
person_ID_30,FLUSH,47,person,752,495,780,474,0.7042,2026-07-28 01:04:04.024,2026-07-28 01:04:14.761
person_ID_56,FLUSH,86,person,1246,509,1249,511,0.3331,2026-07-28 01:04:14.058,2026-07-28 01:04:15.124
person_ID_54,FLUSH,83,person,51,536,51,537,0.3560,2026-07-28 01:04:13.130,2026-07-28 01:04:15.395
person_ID_57,FLUSH,87,person,641,632,640,630,0.3315,2026-07-28 01:04:15.326,2026-07-28 01:04:15.956
person_ID_60,FLUSH,90,person,644,494,644,494,0.5097,2026-07-28 01:04:16.090,2026-07-28 01:04:16.562
person_ID_59,FLUSH,89,person,530,374,530,373,0.3193,2026-07-28 01:04:16.059,2026-07-28 01:04:16.660
person_ID_50,FLUSH,76,person,1262,549,1261,553,0.3581,2026-07-28 01:04:12.124,2026-07-28 01:04:16.689
person_ID_61,FLUSH,94,person,855,487,852,493,0.4335,2026-07-28 01:04:17.058,2026-07-28 01:04:17.690
person_ID_58,FLUSH,88,person,1255,515,1253,503,0.3994,2026-07-28 01:04:15.426,2026-07-28 01:04:17.893
person_ID_62,FLUSH,95,person,597,507,579,514,0.3484,2026-07-28 01:04:17.191,2026-07-28 01:04:17.962
person_ID_63,FLUSH,97,person,529,373,528,373,0.3487,2026-07-28 01:04:17.528,2026-07-28 01:04:18.058
person_ID_64,FLUSH,98,person,1207,505,1208,505,0.3218,2026-07-28 01:04:17.997,2026-07-28 01:04:18.568
person_ID_65,FLUSH,99,person,1259,539,1262,540,0.3941,2026-07-28 01:04:18.058,2026-07-28 01:04:19.489
person_ID_53,FLUSH,81,person,716,466,510,531,0.4199,2026-07-28 01:04:12.600,2026-07-28 01:04:19.860
person_ID_42,FLUSH,66,person,496,355,495,355,0.3879,2026-07-28 01:04:08.991,2026-07-28 01:04:20.028
person_ID_66,FLUSH,102,person,51,536,52,536,0.3298,2026-07-28 01:04:19.427,2026-07-28 01:04:20.028
car_ID_14,FLUSH,101,car,343,472,343,471,0.3756,2026-07-28 01:04:19.427,2026-07-28 01:04:20.028
person_ID_67,FLUSH,105,person,486,535,484,535,0.3467,2026-07-28 01:04:19.860,2026-07-28 01:04:20.360
car_ID_15,FLUSH,104,car,407,530,408,529,0.4450,2026-07-28 01:04:19.489,2026-07-28 01:04:20.556
person_ID_70,FLUSH,109,person,1222,487,1222,486,0.3561,2026-07-28 01:04:20.458,2026-07-28 01:04:22.026
car_ID_17,FLUSH,110,car,343,472,343,471,0.3570,2026-07-28 01:04:21.660,2026-07-28 01:04:22.529
person_ID_68,FLUSH,107,person,1262,543,1264,542,0.3995,2026-07-28 01:04:20.101,2026-07-28 01:04:23.034
person_ID_71,FLUSH,111,person,1263,645,1257,642,0.5163,2026-07-28 01:04:22.400,2026-07-28 01:04:23.125
person_ID_73,FLUSH,113,person,490,359,490,359,0.3529,2026-07-28 01:04:22.756,2026-07-28 01:04:23.235
car_ID_18,FLUSH,114,car,343,472,343,472,0.3160,2026-07-28 01:04:22.828,2026-07-28 01:04:23.726
person_ID_69,FLUSH,108,person,495,355,427,367,0.3438,2026-07-28 01:04:20.231,2026-07-28 01:04:23.794
person_ID_76,FLUSH,117,person,452,370,452,369,0.3346,2026-07-28 01:04:23.392,2026-07-28 01:04:24.325
car_ID_16,FLUSH,104,car,408,529,403,529,0.3893,2026-07-28 01:04:21.660,2026-07-28 01:04:24.569
person_ID_78,FLUSH,119,person,1224,488,1224,490,0.3295,2026-07-28 01:04:24.130,2026-07-28 01:04:25.093
person_ID_75,FLUSH,116,person,1264,543,1263,562,0.4112,2026-07-28 01:04:23.235,2026-07-28 01:04:25.624
person_ID_72,FLUSH,112,person,549,544,612,525,0.3934,2026-07-28 01:04:22.594,2026-07-28 01:04:25.928
person_ID_77,FLUSH,118,person,405,369,356,380,0.3499,2026-07-28 01:04:23.890,2026-07-28 01:04:25.929
person_ID_82,FLUSH,124,person,358,374,293,382,0.3690,2026-07-28 01:04:24.992,2026-07-28 01:04:26.960
person_ID_85,FLUSH,128,person,343,376,302,383,0.3535,2026-07-28 01:04:25.759,2026-07-28 01:04:27.129
car_ID_19,FLUSH,104,car,407,529,407,529,0.3114,2026-07-28 01:04:28.364,2026-07-28 01:04:28.364
person_ID_80,FLUSH,121,person,428,367,292,379,0.4158,2026-07-28 01:04:24.569,2026-07-28 01:04:28.493
person_ID_74,FLUSH,115,person,457,494,469,520,0.6550,2026-07-28 01:04:23.125,2026-07-28 01:04:29.470
person_ID_86,FLUSH,129,person,1257,566,1258,556,0.4872,2026-07-28 01:04:26.256,2026-07-28 01:04:30.196
person_ID_81,FLUSH,123,person,51,536,51,535,0.3628,2026-07-28 01:04:24.992,2026-07-28 01:04:30.506
car_ID_20,FLUSH,132,car,1207,510,1207,510,0.3422,2026-07-28 01:04:30.089,2026-07-28 01:04:30.562
person_ID_8,FLUSH,13,person,658,542,704,631,0.6912,2026-07-28 01:03:53.161,2026-07-28 01:04:31.125
person_ID_83,FLUSH,125,person,1253,612,1015,554,0.5499,2026-07-28 01:04:25.298,2026-07-28 01:04:31.362
person_ID_90,FLUSH,135,person,508,533,507,532,0.3681,2026-07-28 01:04:30.795,2026-07-28 01:04:31.362
car_ID_21,FLUSH,137,car,403,532,403,532,0.3545,2026-07-28 01:04:31.124,2026-07-28 01:04:31.629
person_ID_92,FLUSH,138,person,1003,568,1003,568,0.4777,2026-07-28 01:04:31.521,2026-07-28 01:04:31.992
person_ID_91,FLUSH,136,person,1259,548,1263,547,0.3578,2026-07-28 01:04:30.897,2026-07-28 01:04:32.590
person_ID_88,FLUSH,131,person,591,535,497,531,0.4513,2026-07-28 01:04:28.624,2026-07-28 01:04:33.161
person_ID_93,FLUSH,139,person,1265,546,1265,546,0.3885,2026-07-28 01:04:32.825,2026-07-28 01:04:33.292
person_ID_55,FLUSH,84,person,755,489,538,540,0.5935,2026-07-28 01:04:13.661,2026-07-28 01:04:33.395
car_ID_23,FLUSH,143,car,1207,510,1208,510,0.3331,2026-07-28 01:04:33.227,2026-07-28 01:04:34.727
car_ID_25,FLUSH,145,car,406,529,406,529,0.3351,2026-07-28 01:04:34.868,2026-07-28 01:04:35.056
person_ID_94,FLUSH,148,person,1274,493,1250,485,0.3649,2026-07-28 01:04:34.994,2026-07-28 01:04:35.859
car_ID_22,FLUSH,142,car,1236,551,1240,551,0.3676,2026-07-28 01:04:33.203,2026-07-28 01:04:36.088
person_ID_95,FLUSH,150,person,1216,502,1216,502,0.3075,2026-07-28 01:04:35.759,2026-07-28 01:04:36.274
person_ID_49,FLUSH,74,person,1147,630,355,341,0.6187,2026-07-28 01:04:11.355,2026-07-28 01:04:36.324
car_ID_24,FLUSH,122,car,343,471,343,472,0.3571,2026-07-28 01:04:34.159,2026-07-28 01:04:36.622
car_ID_26,FLUSH,145,car,405,529,405,531,0.3284,2026-07-28 01:04:36.324,2026-07-28 01:04:37.557
person_ID_97,FLUSH,152,person,350,344,343,341,0.3698,2026-07-28 01:04:36.524,2026-07-28 01:04:37.730
car_ID_28,FLUSH,122,car,343,471,343,471,0.3137,2026-07-28 01:04:37.825,2026-07-28 01:04:38.290
person_ID_96,FLUSH,151,person,804,496,732,469,0.4212,2026-07-28 01:04:36.524,2026-07-28 01:04:39.258
car_ID_27,FLUSH,153,car,405,531,405,529,0.3570,2026-07-28 01:04:37.662,2026-07-28 01:04:39.690
person_ID_51,FLUSH,77,person,1053,653,304,334,0.6818,2026-07-28 01:04:12.225,2026-07-28 01:04:39.724
person_ID_99,FLUSH,154,person,337,338,330,331,0.3190,2026-07-28 01:04:37.930,2026-07-28 01:04:39.724
car_ID_29,FLUSH,156,car,344,470,344,471,0.3694,2026-07-28 01:04:38.526,2026-07-28 01:04:40.058
person_ID_79,FLUSH,120,person,1181,631,651,433,0.7622,2026-07-28 01:04:24.469,2026-07-28 01:04:40.359
person_ID_101,FLUSH,159,person,490,535,493,538,0.3767,2026-07-28 01:04:39.560,2026-07-28 01:04:40.995
car_ID_31,FLUSH,164,car,344,471,344,471,0.3426,2026-07-28 01:04:42.359,2026-07-28 01:04:43.263
person_ID_100,FLUSH,157,person,50,536,51,536,0.3261,2026-07-28 01:04:38.561,2026-07-28 01:04:43.558
person_ID_103,FLUSH,166,person,566,548,605,568,0.4046,2026-07-28 01:04:42.588,2026-07-28 01:04:43.923
person_ID_102,FLUSH,165,person,1227,477,1229,477,0.3598,2026-07-28 01:04:42.559,2026-07-28 01:04:44.058
person_ID_106,FLUSH,170,person,638,563,649,567,0.3796,2026-07-28 01:04:43.955,2026-07-28 01:04:44.632
person_ID_105,FLUSH,169,person,557,415,545,411,0.3394,2026-07-28 01:04:43.862,2026-07-28 01:04:44.959
person_ID_108,FLUSH,172,person,708,584,713,585,0.4581,2026-07-28 01:04:45.061,2026-07-28 01:04:45.557
person_ID_104,FLUSH,167,person,641,633,647,631,0.3258,2026-07-28 01:04:42.926,2026-07-28 01:04:45.622
person_ID_107,FLUSH,171,person,51,536,51,536,0.3153,2026-07-28 01:04:44.227,2026-07-28 01:04:45.823
person_ID_111,FLUSH,178,person,654,632,655,632,0.3110,2026-07-28 01:04:47.329,2026-07-28 01:04:47.926
car_ID_32,FLUSH,176,car,1213,510,1215,510,0.3305,2026-07-28 01:04:46.393,2026-07-28 01:04:48.757
person_ID_113,FLUSH,180,person,916,583,916,583,0.3819,2026-07-28 01:04:48.333,2026-07-28 01:04:48.825
person_ID_110,FLUSH,175,person,52,537,51,537,0.3555,2026-07-28 01:04:46.364,2026-07-28 01:04:49.396
person_ID_116,FLUSH,183,person,269,349,270,350,0.3129,2026-07-28 01:04:49.138,2026-07-28 01:04:49.758
car_ID_33,FLUSH,164,car,344,470,344,471,0.3694,2026-07-28 01:04:46.522,2026-07-28 01:04:50.029
person_ID_87,FLUSH,130,person,1168,585,497,389,0.6421,2026-07-28 01:04:27.425,2026-07-28 01:04:50.166
person_ID_114,FLUSH,181,person,1263,621,1201,611,0.4390,2026-07-28 01:04:48.690,2026-07-28 01:04:50.194
car_ID_35,FLUSH,189,car,1264,533,1264,533,0.3232,2026-07-28 01:04:49.804,2026-07-28 01:04:50.360
car_ID_34,FLUSH,185,car,1215,510,1214,510,0.3286,2026-07-28 01:04:49.396,2026-07-28 01:04:50.457
person_ID_118,FLUSH,186,person,954,568,970,561,0.3429,2026-07-28 01:04:49.526,2026-07-28 01:04:50.492
person_ID_115,FLUSH,182,person,485,393,483,384,0.3850,2026-07-28 01:04:48.724,2026-07-28 01:04:51.033
person_ID_124,FLUSH,196,person,454,381,453,381,0.3997,2026-07-28 01:04:51.259,2026-07-28 01:04:51.763
car_ID_36,FLUSH,192,car,1209,510,1208,510,0.3406,2026-07-28 01:04:50.857,2026-07-28 01:04:51.790
car_ID_37,FLUSH,194,car,423,356,420,353,0.3358,2026-07-28 01:04:51.188,2026-07-28 01:04:51.863
car_ID_38,FLUSH,164,car,344,471,344,471,0.4670,2026-07-28 01:04:51.990,2026-07-28 01:04:52.126
person_ID_123,FLUSH,195,person,474,381,463,378,0.4095,2026-07-28 01:04:51.225,2026-07-28 01:04:52.429
person_ID_125,FLUSH,201,person,1175,602,1175,602,0.3386,2026-07-28 01:04:52.203,2026-07-28 01:04:52.661
car_ID_40,FLUSH,200,car,1212,510,1208,510,0.3388,2026-07-28 01:04:52.127,2026-07-28 01:04:52.725
person_ID_127,FLUSH,204,person,1155,601,1155,601,0.3030,2026-07-28 01:04:52.460,2026-07-28 01:04:52.926
person_ID_126,FLUSH,202,person,436,368,433,367,0.3181,2026-07-28 01:04:52.294,2026-07-28 01:04:52.993
person_ID_109,FLUSH,173,person,742,605,1023,550,0.5069,2026-07-28 01:04:45.497,2026-07-28 01:04:53.037
car_ID_39,FLUSH,199,car,1263,531,1263,531,0.3352,2026-07-28 01:04:52.126,2026-07-28 01:04:53.128
person_ID_119,FLUSH,188,person,654,631,653,632,0.3610,2026-07-28 01:04:49.627,2026-07-28 01:04:53.566
person_ID_130,FLUSH,208,person,1085,587,1082,587,0.3152,2026-07-28 01:04:53.524,2026-07-28 01:04:54.027
person_ID_131,FLUSH,209,person,439,370,435,366,0.3572,2026-07-28 01:04:53.707,2026-07-28 01:04:54.534
person_ID_132,FLUSH,210,person,1258,502,1257,499,0.3471,2026-07-28 01:04:54.028,2026-07-28 01:04:54.706
car_ID_41,FLUSH,212,car,1208,509,1208,509,0.3101,2026-07-28 01:04:54.706,2026-07-28 01:04:55.158
person_ID_133,FLUSH,211,person,1016,571,1005,567,0.3937,2026-07-28 01:04:54.559,2026-07-28 01:04:55.203
car_ID_42,FLUSH,210,car,1257,520,1257,521,0.3877,2026-07-28 01:04:54.735,2026-07-28 01:04:55.234
car_ID_30,FLUSH,158,car,1233,551,1236,551,0.4359,2026-07-28 01:04:39.358,2026-07-28 01:04:55.724
person_ID_136,FLUSH,216,person,363,425,363,425,0.3173,2026-07-28 01:04:55.598,2026-07-28 01:04:56.072
person_ID_135,FLUSH,215,person,51,536,51,535,0.3581,2026-07-28 01:04:55.562,2026-07-28 01:04:56.207
person_ID_117,FLUSH,184,person,477,385,405,358,0.4405,2026-07-28 01:04:49.259,2026-07-28 01:04:56.298
person_ID_134,FLUSH,214,person,955,550,930,557,0.4123,2026-07-28 01:04:55.562,2026-07-28 01:04:56.433
car_ID_44,FLUSH,206,car,405,529,405,529,0.3620,2026-07-28 01:04:55.393,2026-07-28 01:04:56.433
car_ID_45,FLUSH,213,car,343,472,343,472,0.3928,2026-07-28 01:04:55.433,2026-07-28 01:04:56.697
person_ID_120,FLUSH,190,person,273,353,361,386,0.5182,2026-07-28 01:04:49.936,2026-07-28 01:04:56.732
car_ID_43,FLUSH,164,car,343,471,343,472,0.3782,2026-07-28 01:04:55.390,2026-07-28 01:04:56.767
person_ID_9,FLUSH,14,person,591,516,785,662,0.6325,2026-07-28 01:03:53.161,2026-07-28 01:04:57.224
person_ID_128,FLUSH,205,person,1032,570,1078,586,0.3616,2026-07-28 01:04:52.566,2026-07-28 01:04:57.292
person_ID_89,FLUSH,133,person,713,631,901,658,0.7361,2026-07-28 01:04:30.358,2026-07-28 01:04:58.022
person_ID_141,FLUSH,223,person,392,352,388,351,0.3365,2026-07-28 01:04:57.059,2026-07-28 01:04:58.089
person_ID_140,FLUSH,222,person,51,535,51,536,0.3203,2026-07-28 01:04:56.995,2026-07-28 01:04:58.466
car_ID_46,FLUSH,217,car,1236,552,1239,552,0.3925,2026-07-28 01:04:56.072,2026-07-28 01:04:59.133
car_ID_47,FLUSH,227,car,408,529,408,529,0.3066,2026-07-28 01:04:58.727,2026-07-28 01:04:59.198
person_ID_138,FLUSH,219,person,386,356,356,342,0.4057,2026-07-28 01:04:56.433,2026-07-28 01:05:00.161
person_ID_144,FLUSH,229,person,695,423,694,424,0.3243,2026-07-28 01:04:59.426,2026-07-28 01:05:01.092
person_ID_146,FLUSH,231,person,350,340,350,340,0.3101,2026-07-28 01:05:00.693,2026-07-28 01:05:01.157
person_ID_143,FLUSH,228,person,376,345,363,337,0.4096,2026-07-28 01:04:58.899,2026-07-28 01:05:01.333
person_ID_147,FLUSH,235,person,346,337,346,336,0.3075,2026-07-28 01:05:01.556,2026-07-28 01:05:02.055
person_ID_129,FLUSH,207,person,958,587,576,431,0.5532,2026-07-28 01:04:53.493,2026-07-28 01:05:02.324
person_ID_84,FLUSH,126,person,1238,606,325,336,0.6408,2026-07-28 01:04:25.660,2026-07-28 01:05:02.390
bicycle_ID_1,FLUSH,238,bicycle,551,431,547,427,0.5143,2026-07-28 01:05:02.926,2026-07-28 01:05:03.126
person_ID_137,FLUSH,218,person,914,533,615,440,0.5046,2026-07-28 01:04:56.342,2026-07-28 01:05:03.289
bicycle_ID_2,FLUSH,241,bicycle,1264,515,1263,516,0.3885,2026-07-28 01:05:03.460,2026-07-28 01:05:03.492
person_ID_142,FLUSH,224,person,1092,580,1234,553,0.4685,2026-07-28 01:04:57.571,2026-07-28 01:05:03.624
person_ID_151,FLUSH,239,person,337,332,335,331,0.3349,2026-07-28 01:05:02.988,2026-07-28 01:05:03.722
person_ID_122,FLUSH,193,person,1244,619,582,434,0.6487,2026-07-28 01:04:51.033,2026-07-28 01:05:04.064
person_ID_153,FLUSH,241,person,1274,504,1258,522,0.3650,2026-07-28 01:05:03.257,2026-07-28 01:05:04.123
person_ID_155,FLUSH,243,person,317,328,317,329,0.3402,2026-07-28 01:05:03.894,2026-07-28 01:05:04.393
person_ID_149,FLUSH,237,person,52,536,51,536,0.3211,2026-07-28 01:05:01.793,2026-07-28 01:05:04.791
person_ID_148,FLUSH,236,person,693,424,694,424,0.3274,2026-07-28 01:05:01.556,2026-07-28 01:05:04.857
person_ID_145,FLUSH,230,person,1225,487,1229,475,0.3643,2026-07-28 01:04:59.564,2026-07-28 01:05:05.894
car_ID_49,FLUSH,247,car,1234,554,1233,553,0.3262,2026-07-28 01:05:04.791,2026-07-28 01:05:05.956
car_ID_48,FLUSH,246,car,1260,527,1256,528,0.3627,2026-07-28 01:05:04.692,2026-07-28 01:05:05.994
person_ID_157,FLUSH,248,person,1145,569,1147,569,0.4142,2026-07-28 01:05:05.354,2026-07-28 01:05:06.330
car_ID_50,FLUSH,249,car,1264,650,1257,645,0.3836,2026-07-28 01:05:06.130,2026-07-28 01:05:06.432
person_ID_159,FLUSH,250,person,595,576,595,576,0.3814,2026-07-28 01:05:06.057,2026-07-28 01:05:06.526
person_ID_162,FLUSH,253,person,335,545,334,549,0.3341,2026-07-28 01:05:06.405,2026-07-28 01:05:07.066
person_ID_158,FLUSH,249,person,1272,656,1252,637,0.5118,2026-07-28 01:05:05.994,2026-07-28 01:05:07.234
person_ID_164,FLUSH,256,person,1245,529,1244,529,0.3207,2026-07-28 01:05:06.661,2026-07-28 01:05:07.390
person_ID_161,FLUSH,252,person,1228,476,1229,476,0.3372,2026-07-28 01:05:06.296,2026-07-28 01:05:07.458
person_ID_154,FLUSH,242,person,521,533,601,573,0.5226,2026-07-28 01:05:03.826,2026-07-28 01:05:07.825
person_ID_165,FLUSH,257,person,1240,624,1240,624,0.3386,2026-07-28 01:05:07.424,2026-07-28 01:05:07.893
person_ID_121,FLUSH,191,person,1162,622,444,371,0.5697,2026-07-28 01:04:50.142,2026-07-28 01:05:08.367
person_ID_166,FLUSH,259,person,1264,499,1264,499,0.4563,2026-07-28 01:05:07.989,2026-07-28 01:05:08.455
person_ID_160,FLUSH,251,person,51,536,52,536,0.3299,2026-07-28 01:05:06.057,2026-07-28 01:05:09.235
person_ID_150,FLUSH,238,person,554,418,406,370,0.4314,2026-07-28 01:05:02.457,2026-07-28 01:05:09.275
person_ID_163,FLUSH,255,person,1207,557,1196,581,0.3730,2026-07-28 01:05:06.661,2026-07-28 01:05:09.490
person_ID_152,FLUSH,240,person,586,435,438,371,0.4706,2026-07-28 01:05:03.257,2026-07-28 01:05:09.588
car_ID_51,FLUSH,264,car,1208,510,1208,510,0.3683,2026-07-28 01:05:09.692,2026-07-28 01:05:10.493
person_ID_171,FLUSH,265,person,1166,572,1157,564,0.3381,2026-07-28 01:05:09.692,2026-07-28 01:05:10.560
car_ID_52,FLUSH,232,car,343,470,343,470,0.3066,2026-07-28 01:05:10.462,2026-07-28 01:05:10.792
person_ID_174,FLUSH,270,person,51,536,51,536,0.3386,2026-07-28 01:05:10.893,2026-07-28 01:05:11.366
person_ID_170,FLUSH,263,person,393,362,372,357,0.3849,2026-07-28 01:05:09.400,2026-07-28 01:05:11.456
person_ID_172,FLUSH,267,person,1201,562,1175,535,0.4783,2026-07-28 01:05:10.090,2026-07-28 01:05:11.659
person_ID_112,FLUSH,179,person,276,341,1022,654,0.6854,2026-07-28 01:04:47.497,2026-07-28 01:05:11.723
person_ID_139,FLUSH,221,person,375,394,967,659,0.7415,2026-07-28 01:04:56.854,2026-07-28 01:05:11.723
person_ID_173,FLUSH,269,person,1114,577,1070,566,0.4084,2026-07-28 01:05:10.826,2026-07-28 01:05:12.463
person_ID_175,FLUSH,271,person,1262,522,1260,521,0.3476,2026-07-28 01:05:11.205,2026-07-28 01:05:13.425
car_ID_53,FLUSH,232,car,344,470,343,471,0.3471,2026-07-28 01:05:13.859,2026-07-28 01:05:14.689
person_ID_156,FLUSH,245,person,543,426,354,341,0.4519,2026-07-28 01:05:04.493,2026-07-28 01:05:14.804
person_ID_178,FLUSH,276,person,346,347,336,346,0.3370,2026-07-28 01:05:13.466,2026-07-28 01:05:15.290
person_ID_180,FLUSH,280,person,1163,568,1164,569,0.3204,2026-07-28 01:05:14.659,2026-07-28 01:05:15.323
person_ID_181,FLUSH,284,person,51,536,51,536,0.3329,2026-07-28 01:05:16.056,2026-07-28 01:05:17.056
person_ID_182,FLUSH,285,person,339,332,333,333,0.3327,2026-07-28 01:05:16.089,2026-07-28 01:05:17.160
car_ID_55,FLUSH,286,car,1209,508,1208,507,0.3122,2026-07-28 01:05:16.604,2026-07-28 01:05:17.256
car_ID_54,FLUSH,282,car,344,468,343,471,0.3565,2026-07-28 01:05:15.594,2026-07-28 01:05:17.435
person_ID_183,FLUSH,288,person,807,531,786,526,0.4010,2026-07-28 01:05:17.023,2026-07-28 01:05:17.889
person_ID_184,FLUSH,289,person,1268,648,1241,647,0.4539,2026-07-28 01:05:17.692,2026-07-28 01:05:18.741
car_ID_56,FLUSH,290,car,343,471,343,471,0.3473,2026-07-28 01:05:17.960,2026-07-28 01:05:19.568
person_ID_186,FLUSH,293,person,731,501,708,491,0.4231,2026-07-28 01:05:18.838,2026-07-28 01:05:19.870
person_ID_179,FLUSH,278,person,1262,521,1260,522,0.4527,2026-07-28 01:05:13.890,2026-07-28 01:05:20.194
car_ID_57,FLUSH,297,car,1207,508,1206,508,0.3470,2026-07-28 01:05:19.758,2026-07-28 01:05:20.258
car_ID_58,FLUSH,298,car,1260,642,1257,649,0.3443,2026-07-28 01:05:20.194,2026-07-28 01:05:20.528
person_ID_185,FLUSH,291,person,50,536,50,535,0.3442,2026-07-28 01:05:18.295,2026-07-28 01:05:20.592
person_ID_188,FLUSH,296,person,694,425,694,426,0.3244,2026-07-28 01:05:19.725,2026-07-28 01:05:20.666
person_ID_190,FLUSH,299,person,1142,649,1132,648,0.3637,2026-07-28 01:05:20.194,2026-07-28 01:05:20.827
person_ID_193,FLUSH,302,person,615,485,611,484,0.3936,2026-07-28 01:05:21.858,2026-07-28 01:05:22.457
person_ID_194,FLUSH,305,person,619,447,620,450,0.3317,2026-07-28 01:05:22.457,2026-07-28 01:05:23.072
car_ID_61,FLUSH,308,car,1207,508,1208,508,0.3443,2026-07-28 01:05:22.930,2026-07-28 01:05:23.626
car_ID_60,FLUSH,306,car,1263,523,1262,524,0.3983,2026-07-28 01:05:22.756,2026-07-28 01:05:23.864
car_ID_59,FLUSH,303,car,1239,552,1235,552,0.4069,2026-07-28 01:05:22.257,2026-07-28 01:05:23.930
person_ID_195,FLUSH,307,person,51,536,51,536,0.3105,2026-07-28 01:05:22.796,2026-07-28 01:05:24.035
person_ID_197,FLUSH,310,person,1271,494,1256,488,0.4306,2026-07-28 01:05:24.427,2026-07-28 01:05:25.090
person_ID_192,FLUSH,301,person,693,424,694,425,0.3358,2026-07-28 01:05:21.599,2026-07-28 01:05:25.395
person_ID_199,FLUSH,312,person,51,537,51,537,0.3066,2026-07-28 01:05:25.029,2026-07-28 01:05:25.496
person_ID_200,FLUSH,315,person,1041,627,1013,619,0.3947,2026-07-28 01:05:25.195,2026-07-28 01:05:25.924
person_ID_176,FLUSH,274,person,1047,617,508,440,0.5058,2026-07-28 01:05:12.223,2026-07-28 01:05:26.093
car_ID_62,FLUSH,316,car,1241,551,1241,551,0.3554,2026-07-28 01:05:25.724,2026-07-28 01:05:26.562
person_ID_202,FLUSH,319,person,467,403,466,404,0.3401,2026-07-28 01:05:27.224,2026-07-28 01:05:27.763
person_ID_203,FLUSH,321,person,858,485,858,485,0.3707,2026-07-28 01:05:27.728,2026-07-28 01:05:28.197
person_ID_201,FLUSH,317,person,498,424,452,418,0.3442,2026-07-28 01:05:26.234,2026-07-28 01:05:28.497
car_ID_63,FLUSH,325,car,456,371,456,371,0.4099,2026-07-28 01:05:28.497,2026-07-28 01:05:28.962
car_ID_64,FLUSH,327,car,1239,550,1241,551,0.3251,2026-07-28 01:05:29.056,2026-07-28 01:05:29.663
person_ID_205,FLUSH,329,person,1186,500,1186,500,0.3542,2026-07-28 01:05:29.891,2026-07-28 01:05:30.396
person_ID_206,FLUSH,330,person,859,489,859,489,0.3957,2026-07-28 01:05:30.892,2026-07-28 01:05:31.356
person_ID_168,FLUSH,261,person,1177,633,391,385,0.6628,2026-07-28 01:05:08.427,2026-07-28 01:05:31.897
person_ID_204,FLUSH,326,person,1228,476,1228,480,0.4621,2026-07-28 01:05:28.989,2026-07-28 01:05:31.897
person_ID_208,FLUSH,333,person,1266,625,1263,622,0.4460,2026-07-28 01:05:31.426,2026-07-28 01:05:31.989
person_ID_207,FLUSH,331,person,381,372,361,366,0.3353,2026-07-28 01:05:31.155,2026-07-28 01:05:32.898
car_ID_65,FLUSH,336,car,1214,510,1211,511,0.3225,2026-07-28 01:05:32.025,2026-07-28 01:05:32.898
car_ID_67,FLUSH,335,car,405,530,405,530,0.4385,2026-07-28 01:05:32.427,2026-07-28 01:05:32.898
motorcycle_ID_3,FLUSH,298,motorcycle,775,533,753,527,0.3422,2026-07-28 01:05:32.123,2026-07-28 01:05:33.158
car_ID_66,FLUSH,318,car,343,470,344,471,0.3640,2026-07-28 01:05:32.427,2026-07-28 01:05:33.560
person_ID_210,FLUSH,338,person,1271,499,1271,498,0.3297,2026-07-28 01:05:33.092,2026-07-28 01:05:33.659
person_ID_189,FLUSH,298,person,1267,655,738,521,0.4307,2026-07-28 01:05:19.931,2026-07-28 01:05:33.838
person_ID_213,FLUSH,343,person,354,385,353,385,0.3414,2026-07-28 01:05:33.560,2026-07-28 01:05:34.126
person_ID_209,FLUSH,337,person,1224,615,1152,597,0.4180,2026-07-28 01:05:32.363,2026-07-28 01:05:34.197
person_ID_98,FLUSH,145,person,477,519,1164,545,0.7098,2026-07-28 01:04:37.600,2026-07-28 01:05:34.390
person_ID_167,FLUSH,260,person,632,579,1259,586,0.7202,2026-07-28 01:05:08.125,2026-07-28 01:05:34.391
person_ID_169,FLUSH,262,person,1175,639,325,364,0.6703,2026-07-28 01:05:09.333,2026-07-28 01:05:34.391
person_ID_177,FLUSH,275,person,1040,557,374,358,0.6272,2026-07-28 01:05:12.723,2026-07-28 01:05:34.390
person_ID_187,FLUSH,294,person,1214,645,642,462,0.7538,2026-07-28 01:05:19.061,2026-07-28 01:05:34.390
person_ID_191,FLUSH,300,person,1100,644,612,470,0.7526,2026-07-28 01:05:21.103,2026-07-28 01:05:34.390
person_ID_196,FLUSH,309,person,1167,636,751,505,0.6823,2026-07-28 01:05:23.497,2026-07-28 01:05:34.390
person_ID_198,FLUSH,311,person,1182,626,813,527,0.7985,2026-07-28 01:05:24.925,2026-07-28 01:05:34.390
person_ID_211,FLUSH,340,person,348,363,342,360,0.3315,2026-07-28 01:05:33.190,2026-07-28 01:05:34.392
person_ID_212,FLUSH,342,person,1160,622,1141,636,0.4865,2026-07-28 01:05:33.360,2026-07-28 01:05:34.392
person_ID_215,FLUSH,345,person,1233,383,1222,383,0.5533,2026-07-28 01:05:34.457,2026-07-28 01:05:35.031
car_ID_68,FLUSH,349,car,1268,367,1263,369,0.3995,2026-07-28 01:05:34.594,2026-07-28 01:05:35.094
person_ID_217,FLUSH,347,person,89,367,60,367,0.3636,2026-07-28 01:05:34.457,2026-07-28 01:05:35.162
person_ID_220,FLUSH,351,person,974,367,974,367,0.3039,2026-07-28 01:05:34.691,2026-07-28 01:05:35.162
person_ID_219,FLUSH,350,person,18,372,11,381,0.3472,2026-07-28 01:05:34.667,2026-07-28 01:05:35.202
car_ID_69,FLUSH,352,car,893,363,874,363,0.3238,2026-07-28 01:05:34.761,2026-07-28 01:05:35.331
person_ID_214,FLUSH,344,person,52,377,20,381,0.7995,2026-07-28 01:05:34.457,2026-07-28 01:05:35.390
person_ID_216,FLUSH,346,person,982,367,937,367,0.5886,2026-07-28 01:05:34.457,2026-07-28 01:05:35.395
person_ID_218,FLUSH,348,person,1214,382,1164,381,0.5584,2026-07-28 01:05:34.567,2026-07-28 01:05:35.395
person_ID_232,FLUSH,365,person,1231,460,1244,445,0.4706,2026-07-28 01:05:35.725,2026-07-28 01:05:36.301
person_ID_234,FLUSH,371,person,970,350,971,362,0.3769,2026-07-28 01:05:35.963,2026-07-28 01:05:36.303
person_ID_230,FLUSH,363,person,1217,269,1222,270,0.3897,2026-07-28 01:05:35.725,2026-07-28 01:05:36.598
person_ID_233,FLUSH,370,person,1028,227,1055,294,0.3116,2026-07-28 01:05:35.796,2026-07-28 01:05:36.636
person_ID_222,FLUSH,355,person,342,276,340,174,0.4222,2026-07-28 01:05:35.125,2026-07-28 01:05:36.766
person_ID_226,FLUSH,359,person,722,242,726,247,0.6601,2026-07-28 01:05:35.724,2026-07-28 01:05:36.765
person_ID_227,FLUSH,360,person,863,369,862,396,0.4640,2026-07-28 01:05:35.724,2026-07-28 01:05:36.765
person_ID_228,FLUSH,361,person,209,179,204,190,0.6274,2026-07-28 01:05:35.724,2026-07-28 01:05:36.765
person_ID_229,FLUSH,362,person,1163,268,1170,271,0.6084,2026-07-28 01:05:35.724,2026-07-28 01:05:36.766
person_ID_231,FLUSH,364,person,1102,477,1131,478,0.4245,2026-07-28 01:05:35.725,2026-07-28 01:05:36.766
person_ID_235,FLUSH,368,person,232,511,74,555,0.8566,2026-07-28 01:05:36.333,2026-07-28 01:05:36.892
person_ID_237,FLUSH,382,person,289,476,130,532,0.8243,2026-07-28 01:05:36.503,2026-07-28 01:05:36.930
person_ID_236,FLUSH,374,person,559,286,574,289,0.4831,2026-07-28 01:05:36.373,2026-07-28 01:05:37.092
person_ID_225,FLUSH,358,person,535,235,578,324,0.5855,2026-07-28 01:05:35.724,2026-07-28 01:05:37.334
person_ID_221,FLUSH,353,person,696,389,632,531,0.8552,2026-07-28 01:05:34.994,2026-07-28 01:05:37.398
person_ID_224,FLUSH,357,person,112,371,29,465,0.5983,2026-07-28 01:05:35.724,2026-07-28 01:05:37.398
person_ID_238,FLUSH,369,person,545,323,536,330,0.7715,2026-07-28 01:05:36.968,2026-07-28 01:05:37.926
person_ID_223,FLUSH,356,person,414,439,319,401,0.9068,2026-07-28 01:05:35.723,2026-07-28 01:05:38.924
person_ID_239,FLUSH,383,person,1093,409,1088,478,0.8794,2026-07-28 01:05:37.009,2026-07-28 01:05:39.028
person_ID_241,FLUSH,394,person,977,414,968,409,0.5768,2026-07-28 01:05:37.900,2026-07-28 01:05:39.028
person_ID_242,FLUSH,395,person,1239,414,1235,409,0.7930,2026-07-28 01:05:37.900,2026-07-28 01:05:39.028
person_ID_243,FLUSH,396,person,1148,573,1144,577,0.5460,2026-07-28 01:05:37.901,2026-07-28 01:05:39.028
person_ID_240,FLUSH,384,person,805,314,841,452,0.8800,2026-07-28 01:05:37.009,2026-07-28 01:05:39.888
person_ID_244,FLUSH,408,person,814,526,814,526,0.8413,2026-07-28 01:05:40.522,2026-07-28 01:05:40.997
person_ID_245,FLUSH,409,person,613,470,613,470,0.7985,2026-07-28 01:05:40.523,2026-07-28 01:05:40.998
person_ID_246,FLUSH,410,person,752,506,752,506,0.7557,2026-07-28 01:05:40.523,2026-07-28 01:05:40.998
person_ID_249,FLUSH,413,person,1258,588,1258,588,0.6915,2026-07-28 01:05:40.523,2026-07-28 01:05:40.998
person_ID_250,FLUSH,414,person,374,358,374,358,0.5703,2026-07-28 01:05:40.523,2026-07-28 01:05:40.998
person_ID_251,FLUSH,415,person,325,364,325,364,0.4385,2026-07-28 01:05:40.523,2026-07-28 01:05:40.998
person_ID_257,FLUSH,423,person,684,495,680,492,0.4364,2026-07-28 01:05:40.591,2026-07-28 01:05:41.195
person_ID_261,FLUSH,428,person,518,409,516,405,0.3129,2026-07-28 01:05:41.195,2026-07-28 01:05:41.725
person_ID_262,FLUSH,429,person,693,424,693,424,0.3157,2026-07-28 01:05:41.625,2026-07-28 01:05:42.193
person_ID_258,FLUSH,424,person,514,411,500,399,0.4305,2026-07-28 01:05:40.592,2026-07-28 01:05:42.630
person_ID_252,FLUSH,417,person,51,536,51,536,0.3344,2026-07-28 01:05:40.558,2026-07-28 01:05:42.725
person_ID_264,FLUSH,432,person,482,399,484,399,0.3238,2026-07-28 01:05:42.425,2026-07-28 01:05:43.022
person_ID_265,FLUSH,433,person,613,467,616,462,0.3623,2026-07-28 01:05:42.525,2026-07-28 01:05:43.023
bicycle_ID_3,FLUSH,436,bicycle,587,457,587,457,0.3066,2026-07-28 01:05:43.575,2026-07-28 01:05:43.964
person_ID_267,FLUSH,436,person,591,459,576,452,0.4251,2026-07-28 01:05:43.354,2026-07-28 01:05:44.524
person_ID_259,FLUSH,425,person,695,445,569,417,0.5253,2026-07-28 01:05:40.592,2026-07-28 01:05:44.859
person_ID_266,FLUSH,435,person,693,424,693,425,0.3232,2026-07-28 01:05:43.158,2026-07-28 01:05:44.924
person_ID_268,FLUSH,437,person,1245,526,1240,528,0.3909,2026-07-28 01:05:44.692,2026-07-28 01:05:44.961
person_ID_255,FLUSH,421,person,467,389,428,364,0.5640,2026-07-28 01:05:40.591,2026-07-28 01:05:45.326
person_ID_269,FLUSH,439,person,538,438,538,437,0.3295,2026-07-28 01:05:45.556,2026-07-28 01:05:46.060
car_ID_70,FLUSH,437,car,1238,546,1234,553,0.4173,2026-07-28 01:05:44.991,2026-07-28 01:05:46.357
person_ID_263,FLUSH,431,person,489,401,429,371,0.3827,2026-07-28 01:05:42.025,2026-07-28 01:05:46.488
person_ID_270,FLUSH,440,person,415,365,410,363,0.3356,2026-07-28 01:05:45.789,2026-07-28 01:05:46.823
car_ID_71,FLUSH,438,car,1263,530,1265,529,0.3770,2026-07-28 01:05:45.093,2026-07-28 01:05:47.195
person_ID_272,FLUSH,444,person,520,409,507,402,0.4022,2026-07-28 01:05:46.523,2026-07-28 01:05:47.567
person_ID_254,FLUSH,420,person,439,396,370,357,0.5770,2026-07-28 01:05:40.591,2026-07-28 01:05:48.564
person_ID_277,FLUSH,450,person,693,424,693,425,0.3107,2026-07-28 01:05:48.088,2026-07-28 01:05:48.673
person_ID_276,FLUSH,448,person,491,409,491,392,0.3919,2026-07-28 01:05:47.699,2026-07-28 01:05:48.691
person_ID_273,FLUSH,445,person,52,536,52,537,0.3282,2026-07-28 01:05:47.363,2026-07-28 01:05:48.724
person_ID_247,FLUSH,411,person,642,462,465,396,0.6892,2026-07-28 01:05:40.523,2026-07-28 01:05:48.858
person_ID_279,FLUSH,453,person,364,352,364,352,0.3101,2026-07-28 01:05:48.994,2026-07-28 01:05:49.460
person_ID_281,FLUSH,455,person,360,415,357,412,0.3558,2026-07-28 01:05:49.128,2026-07-28 01:05:49.633
person_ID_280,FLUSH,454,person,452,375,452,384,0.3273,2026-07-28 01:05:49.128,2026-07-28 01:05:49.676
person_ID_260,FLUSH,426,person,678,477,451,361,0.4743,2026-07-28 01:05:40.592,2026-07-28 01:05:51.158
car_ID_72,FLUSH,418,car,343,471,344,472,0.3435,2026-07-28 01:05:50.692,2026-07-28 01:05:51.461
person_ID_253,FLUSH,419,person,546,418,377,357,0.5897,2026-07-28 01:05:40.591,2026-07-28 01:05:52.596
car_ID_73,FLUSH,452,car,405,529,404,529,0.3375,2026-07-28 01:05:50.693,2026-07-28 01:05:52.692
car_ID_74,FLUSH,418,car,344,471,344,471,0.3230,2026-07-28 01:05:52.732,2026-07-28 01:05:53.493
person_ID_286,FLUSH,466,person,694,425,694,425,0.3279,2026-07-28 01:05:53.991,2026-07-28 01:05:54.467
person_ID_285,FLUSH,461,person,347,341,340,338,0.3899,2026-07-28 01:05:53.100,2026-07-28 01:05:54.992
car_ID_75,FLUSH,465,car,343,471,343,472,0.3215,2026-07-28 01:05:53.962,2026-07-28 01:05:55.123
person_ID_278,FLUSH,451,person,461,411,364,355,0.4361,2026-07-28 01:05:48.231,2026-07-28 01:05:55.297
person_ID_274,FLUSH,446,person,272,371,1045,659,0.6830,2026-07-28 01:05:47.390,2026-07-28 01:05:55.723
person_ID_288,FLUSH,471,person,694,426,694,425,0.3289,2026-07-28 01:05:55.422,2026-07-28 01:05:56.762
person_ID_290,FLUSH,474,person,1171,562,1173,561,0.3698,2026-07-28 01:05:56.493,2026-07-28 01:05:57.195
person_ID_289,FLUSH,473,person,350,340,341,345,0.3552,2026-07-28 01:05:56.232,2026-07-28 01:05:57.466
person_ID_287,FLUSH,470,person,332,339,322,331,0.3458,2026-07-28 01:05:55.389,2026-07-28 01:05:57.627
car_ID_76,FLUSH,469,car,344,472,343,471,0.3373,2026-07-28 01:05:55.326,2026-07-28 01:05:57.659
person_ID_292,FLUSH,476,person,1214,568,1216,569,0.3221,2026-07-28 01:05:57.126,2026-07-28 01:05:58.196
car_ID_77,FLUSH,477,car,1265,528,1265,528,0.3721,2026-07-28 01:05:57.466,2026-07-28 01:05:58.591
person_ID_271,FLUSH,441,person,1271,600,1236,568,0.5453,2026-07-28 01:05:46.060,2026-07-28 01:05:59.096
person_ID_293,FLUSH,478,person,317,331,312,329,0.3364,2026-07-28 01:05:57.757,2026-07-28 01:05:59.759
person_ID_283,FLUSH,458,person,422,377,348,339,0.3991,2026-07-28 01:05:51.596,2026-07-28 01:06:00.292
person_ID_291,FLUSH,475,person,348,356,326,336,0.3487,2026-07-28 01:05:56.529,2026-07-28 01:06:00.562
car_ID_78,FLUSH,484,car,344,472,344,472,0.5739,2026-07-28 01:06:00.826,2026-07-28 01:06:00.826
person_ID_284,FLUSH,459,person,927,663,736,619,0.7048,2026-07-28 01:05:52.523,2026-07-28 01:06:01.259
person_ID_295,FLUSH,485,person,345,338,345,338,0.3030,2026-07-28 01:06:00.857,2026-07-28 01:06:01.329
person_ID_296,FLUSH,486,person,325,335,325,335,0.3422,2026-07-28 01:06:00.922,2026-07-28 01:06:01.390
person_ID_256,FLUSH,422,person,1228,474,1233,475,0.5507,2026-07-28 01:05:40.591,2026-07-28 01:06:02.053
person_ID_297,FLUSH,487,person,51,536,51,536,0.3172,2026-07-28 01:06:01.155,2026-07-28 01:06:02.300
person_ID_298,FLUSH,488,person,1267,494,1268,496,0.3563,2026-07-28 01:06:02.500,2026-07-28 01:06:03.024
person_ID_299,FLUSH,490,person,694,425,694,424,0.3165,2026-07-28 01:06:04.289,2026-07-28 01:06:05.826
person_ID_301,FLUSH,493,person,51,536,51,536,0.3166,2026-07-28 01:06:05.191,2026-07-28 01:06:05.826
person_ID_300,FLUSH,492,person,391,574,391,573,0.3226,2026-07-28 01:06:04.703,2026-07-28 01:06:06.624
person_ID_303,FLUSH,496,person,51,536,51,535,0.3057,2026-07-28 01:06:07.690,2026-07-28 01:06:08.559
person_ID_305,FLUSH,499,person,1259,520,1259,520,0.3493,2026-07-28 01:06:08.827,2026-07-28 01:06:09.293
person_ID_306,FLUSH,500,person,281,340,283,341,0.3356,2026-07-28 01:06:09.224,2026-07-28 01:06:10.326
car_ID_79,FLUSH,484,car,343,471,343,470,0.3705,2026-07-28 01:06:05.629,2026-07-28 01:06:10.664
car_ID_80,FLUSH,505,car,343,469,343,469,0.3565,2026-07-28 01:06:10.921,2026-07-28 01:06:10.921
person_ID_307,FLUSH,501,person,391,574,390,574,0.3261,2026-07-28 01:06:09.558,2026-07-28 01:06:11.262
person_ID_309,FLUSH,504,person,272,359,276,361,0.3294,2026-07-28 01:06:10.921,2026-07-28 01:06:12.107
person_ID_311,FLUSH,510,person,1206,569,1213,570,0.3262,2026-07-28 01:06:13.289,2026-07-28 01:06:14.260
person_ID_313,FLUSH,512,person,283,350,285,349,0.3552,2026-07-28 01:06:13.990,2026-07-28 01:06:14.724
car_ID_82,FLUSH,509,car,406,528,406,528,0.3137,2026-07-28 01:06:14.260,2026-07-28 01:06:14.724
person_ID_308,FLUSH,503,person,51,535,51,536,0.3197,2026-07-28 01:06:10.921,2026-07-28 01:06:14.993
car_ID_81,FLUSH,505,car,343,470,343,471,0.3769,2026-07-28 01:06:13.595,2026-07-28 01:06:16.894
person_ID_314,FLUSH,514,person,290,352,303,358,0.4415,2026-07-28 01:06:15.060,2026-07-28 01:06:17.794
car_ID_84,FLUSH,505,car,344,470,343,471,0.3208,2026-07-28 01:06:17.922,2026-07-28 01:06:18.054
car_ID_83,FLUSH,521,car,1207,510,1208,510,0.4078,2026-07-28 01:06:17.728,2026-07-28 01:06:18.293
person_ID_318,FLUSH,524,person,1250,511,1250,511,0.3428,2026-07-28 01:06:18.999,2026-07-28 01:06:19.829
person_ID_319,FLUSH,525,person,396,393,396,393,0.3264,2026-07-28 01:06:19.656,2026-07-28 01:06:20.129
person_ID_320,FLUSH,526,person,51,536,51,536,0.3114,2026-07-28 01:06:20.100,2026-07-28 01:06:20.564
person_ID_321,FLUSH,528,person,396,393,396,393,0.3885,2026-07-28 01:06:20.394,2026-07-28 01:06:20.856
person_ID_317,FLUSH,523,person,325,364,342,368,0.3735,2026-07-28 01:06:18.693,2026-07-28 01:06:21.591
person_ID_282,FLUSH,456,person,993,664,628,580,0.7499,2026-07-28 01:05:49.633,2026-07-28 01:06:22.494
person_ID_322,FLUSH,529,person,1255,508,1257,509,0.3263,2026-07-28 01:06:21.468,2026-07-28 01:06:22.494
person_ID_324,FLUSH,531,person,329,368,333,368,0.3201,2026-07-28 01:06:21.956,2026-07-28 01:06:22.730
person_ID_294,FLUSH,481,person,770,662,634,585,0.6772,2026-07-28 01:05:59.894,2026-07-28 01:06:23.057
person_ID_325,FLUSH,532,person,354,375,358,376,0.3877,2026-07-28 01:06:22.267,2026-07-28 01:06:23.565
person_ID_315,FLUSH,515,person,272,373,350,387,0.4037,2026-07-28 01:06:15.758,2026-07-28 01:06:24.459
car_ID_85,FLUSH,533,car,343,470,343,470,0.3672,2026-07-28 01:06:24.368,2026-07-28 01:06:24.592
person_ID_328,FLUSH,536,person,1268,525,1271,534,0.3603,2026-07-28 01:06:23.855,2026-07-28 01:06:24.625
person_ID_326,FLUSH,534,person,592,569,577,564,0.4854,2026-07-28 01:06:23.596,2026-07-28 01:06:24.761
person_ID_331,FLUSH,539,person,348,382,348,382,0.3137,2026-07-28 01:06:24.592,2026-07-28 01:06:25.070
person_ID_329,FLUSH,537,person,302,341,306,343,0.3508,2026-07-28 01:06:24.029,2026-07-28 01:06:25.325
person_ID_333,FLUSH,541,person,1273,529,1273,529,0.3324,2026-07-28 01:06:25.292,2026-07-28 01:06:26.106
person_ID_310,FLUSH,506,person,1226,569,1230,551,0.5385,2026-07-28 01:06:11.963,2026-07-28 01:06:26.882
person_ID_332,FLUSH,540,person,354,385,367,393,0.3310,2026-07-28 01:06:25.228,2026-07-28 01:06:27.324
person_ID_336,FLUSH,545,person,295,347,297,346,0.3285,2026-07-28 01:06:26.937,2026-07-28 01:06:27.462
car_ID_86,FLUSH,519,car,405,528,405,528,0.6453,2026-07-28 01:06:27.734,2026-07-28 01:06:27.734
car_ID_87,FLUSH,533,car,343,471,343,471,0.3885,2026-07-28 01:06:27.736,2026-07-28 01:06:27.736
person_ID_334,FLUSH,542,person,51,537,51,536,0.3173,2026-07-28 01:06:25.562,2026-07-28 01:06:27.768
person_ID_337,FLUSH,546,person,323,350,326,351,0.3190,2026-07-28 01:06:27.131,2026-07-28 01:06:28.029
person_ID_339,FLUSH,548,person,293,352,298,353,0.3155,2026-07-28 01:06:27.954,2026-07-28 01:06:28.768
person_ID_341,FLUSH,550,person,1260,521,1261,521,0.3181,2026-07-28 01:06:28.793,2026-07-28 01:06:29.331
person_ID_323,FLUSH,530,person,602,573,402,462,0.6898,2026-07-28 01:06:21.862,2026-07-28 01:06:29.665
bicycle_ID_4,FLUSH,522,bicycle,494,522,496,528,0.4046,2026-07-28 01:06:29.922,2026-07-28 01:06:29.958
person_ID_344,FLUSH,554,person,1265,524,1266,524,0.3266,2026-07-28 01:06:29.500,2026-07-28 01:06:30.057
car_ID_89,FLUSH,530,car,346,471,346,471,0.3030,2026-07-28 01:06:29.699,2026-07-28 01:06:30.156
person_ID_345,FLUSH,557,person,1148,504,1139,503,0.3255,2026-07-28 01:06:29.861,2026-07-28 01:06:30.492
person_ID_343,FLUSH,553,person,323,339,323,340,0.3328,2026-07-28 01:06:29.497,2026-07-28 01:06:30.628
car_ID_88,FLUSH,533,car,346,471,344,471,0.3926,2026-07-28 01:06:28.960,2026-07-28 01:06:30.798
car_ID_90,FLUSH,556,car,405,528,405,528,0.5097,2026-07-28 01:06:31.090,2026-07-28 01:06:31.090
person_ID_347,FLUSH,560,person,344,430,344,429,0.3266,2026-07-28 01:06:31.496,2026-07-28 01:06:32.001
person_ID_335,FLUSH,544,person,385,391,434,405,0.4533,2026-07-28 01:06:26.794,2026-07-28 01:06:32.066
person_ID_330,FLUSH,538,person,573,544,378,426,0.5830,2026-07-28 01:06:24.262,2026-07-28 01:06:32.527
person_ID_340,FLUSH,549,person,50,536,51,535,0.3433,2026-07-28 01:06:28.029,2026-07-28 01:06:33.858
person_ID_348,FLUSH,563,person,424,428,397,412,0.3835,2026-07-28 01:06:32.463,2026-07-28 01:06:34.295
person_ID_316,FLUSH,522,person,726,614,398,451,0.5927,2026-07-28 01:06:18.327,2026-07-28 01:06:34.657
car_ID_91,FLUSH,556,car,404,528,404,529,0.3660,2026-07-28 01:06:34.462,2026-07-28 01:06:34.723
person_ID_351,FLUSH,566,person,338,413,333,410,0.3344,2026-07-28 01:06:34.330,2026-07-28 01:06:35.262
person_ID_353,FLUSH,569,person,459,438,459,438,0.3422,2026-07-28 01:06:34.961,2026-07-28 01:06:35.437
person_ID_342,FLUSH,551,person,340,358,376,368,0.3977,2026-07-28 01:06:28.927,2026-07-28 01:06:35.457
person_ID_354,FLUSH,570,person,1268,532,1269,531,0.3343,2026-07-28 01:06:35.092,2026-07-28 01:06:35.791
person_ID_356,FLUSH,572,person,382,428,378,426,0.3177,2026-07-28 01:06:35.329,2026-07-28 01:06:36.033
person_ID_357,FLUSH,573,person,294,414,295,412,0.3193,2026-07-28 01:06:35.409,2026-07-28 01:06:36.310
person_ID_352,FLUSH,567,person,1234,544,1235,544,0.3541,2026-07-28 01:06:34.532,2026-07-28 01:06:36.436
person_ID_349,FLUSH,564,person,875,654,643,595,0.5978,2026-07-28 01:06:32.970,2026-07-28 01:06:37.402
person_ID_304,FLUSH,497,person,290,345,636,498,0.5926,2026-07-28 01:06:07.929,2026-07-28 01:06:37.460
person_ID_358,FLUSH,574,person,327,404,314,391,0.3310,2026-07-28 01:06:35.437,2026-07-28 01:06:37.524
person_ID_360,FLUSH,577,person,362,389,351,389,0.3317,2026-07-28 01:06:36.369,2026-07-28 01:06:37.767
car_ID_92,FLUSH,578,car,628,449,628,449,0.3030,2026-07-28 01:06:37.460,2026-07-28 01:06:37.934
car_ID_93,FLUSH,556,car,405,528,405,528,0.3039,2026-07-28 01:06:37.864,2026-07-28 01:06:38.322
car_ID_94,FLUSH,587,car,1268,528,1268,528,0.3422,2026-07-28 01:06:38.793,2026-07-28 01:06:39.264
person_ID_361,FLUSH,581,person,595,575,548,545,0.4509,2026-07-28 01:06:37.934,2026-07-28 01:06:39.532
person_ID_366,FLUSH,589,person,522,532,482,534,0.3856,2026-07-28 01:06:39.698,2026-07-28 01:06:41.167
person_ID_362,FLUSH,582,person,51,536,51,535,0.3490,2026-07-28 01:06:37.996,2026-07-28 01:06:41.445
person_ID_327,FLUSH,535,person,364,380,655,530,0.6309,2026-07-28 01:06:23.727,2026-07-28 01:06:41.905
person_ID_367,FLUSH,590,person,625,550,576,525,0.4279,2026-07-28 01:06:41.061,2026-07-28 01:06:42.589
person_ID_368,FLUSH,592,person,51,535,51,535,0.3248,2026-07-28 01:06:42.202,2026-07-28 01:06:42.694
car_ID_95,FLUSH,588,car,343,471,343,471,0.4241,2026-07-28 01:06:40.265,2026-07-28 01:06:42.766
person_ID_346,FLUSH,559,person,1056,663,462,502,0.5972,2026-07-28 01:06:30.478,2026-07-28 01:06:43.200
car_ID_96,FLUSH,585,car,406,528,405,530,0.4069,2026-07-28 01:06:41.228,2026-07-28 01:06:45.405
person_ID_370,FLUSH,596,person,679,583,688,585,0.3561,2026-07-28 01:06:44.660,2026-07-28 01:06:45.438
car_ID_98,FLUSH,588,car,345,471,344,471,0.3894,2026-07-28 01:06:44.995,2026-07-28 01:06:45.530
person_ID_369,FLUSH,594,person,51,535,51,536,0.3202,2026-07-28 01:06:43.133,2026-07-28 01:06:45.728
person_ID_371,FLUSH,597,person,338,357,345,357,0.3835,2026-07-28 01:06:44.728,2026-07-28 01:06:45.958
person_ID_364,FLUSH,584,person,1228,564,1163,568,0.5887,2026-07-28 01:06:38.262,2026-07-28 01:06:46.132
person_ID_359,FLUSH,576,person,376,371,381,370,0.4998,2026-07-28 01:06:36.229,2026-07-28 01:06:46.367
car_ID_99,FLUSH,598,car,1261,528,1266,527,0.3337,2026-07-28 01:06:45.092,2026-07-28 01:06:46.798
person_ID_373,FLUSH,601,person,315,437,312,436,0.3640,2026-07-28 01:06:46.697,2026-07-28 01:06:47.228
person_ID_355,FLUSH,571,person,946,655,379,428,0.6549,2026-07-28 01:06:35.265,2026-07-28 01:06:47.390
person_ID_376,FLUSH,604,person,310,374,310,374,0.3386,2026-07-28 01:06:47.255,2026-07-28 01:06:47.732
person_ID_350,FLUSH,565,person,962,662,371,426,0.6341,2026-07-28 01:06:34.090,2026-07-28 01:06:47.828
person_ID_375,FLUSH,603,person,347,422,340,423,0.3785,2026-07-28 01:06:47.159,2026-07-28 01:06:48.529
person_ID_378,FLUSH,608,person,1273,488,1273,488,0.3066,2026-07-28 01:06:48.563,2026-07-28 01:06:49.038
person_ID_380,FLUSH,611,person,298,407,295,408,0.3334,2026-07-28 01:06:48.896,2026-07-28 01:06:49.506
person_ID_381,FLUSH,612,person,314,419,314,419,0.4028,2026-07-28 01:06:49.038,2026-07-28 01:06:49.506
car_ID_100,FLUSH,610,car,332,313,330,312,0.3277,2026-07-28 01:06:48.857,2026-07-28 01:06:49.698
person_ID_382,FLUSH,613,person,345,357,350,358,0.3125,2026-07-28 01:06:49.038,2026-07-28 01:06:49.915
person_ID_377,FLUSH,606,person,366,361,380,359,0.4218,2026-07-28 01:06:47.923,2026-07-28 01:06:50.562
person_ID_385,FLUSH,616,person,281,337,282,338,0.3199,2026-07-28 01:06:49.931,2026-07-28 01:06:50.689
person_ID_383,FLUSH,614,person,312,376,313,404,0.3237,2026-07-28 01:06:49.270,2026-07-28 01:06:50.860
person_ID_248,FLUSH,412,person,1164,544,1123,546,0.7067,2026-07-28 01:05:40.523,2026-07-28 01:06:51.201
car_ID_101,FLUSH,588,car,343,470,343,470,0.3493,2026-07-28 01:06:51.326,2026-07-28 01:06:51.326
person_ID_372,FLUSH,600,person,385,371,406,373,0.4567,2026-07-28 01:06:46.562,2026-07-28 01:06:51.400
person_ID_379,FLUSH,609,person,324,381,368,401,0.3570,2026-07-28 01:06:48.606,2026-07-28 01:06:51.734
person_ID_365,FLUSH,586,person,732,601,931,653,0.6688,2026-07-28 01:06:38.793,2026-07-28 01:06:52.090
person_ID_312,FLUSH,511,person,298,364,938,635,0.6500,2026-07-28 01:06:13.766,2026-07-28 01:06:52.293
person_ID_384,FLUSH,615,person,1274,488,1274,488,0.3346,2026-07-28 01:06:49.802,2026-07-28 01:06:52.358
person_ID_388,FLUSH,619,person,355,358,366,371,0.3760,2026-07-28 01:06:50.689,2026-07-28 01:06:52.895
person_ID_393,FLUSH,624,person,384,400,407,405,0.4013,2026-07-28 01:06:51.769,2026-07-28 01:06:52.926
person_ID_392,FLUSH,623,person,1126,526,1127,526,0.3097,2026-07-28 01:06:51.605,2026-07-28 01:06:53.093
person_ID_395,FLUSH,626,person,375,371,378,372,0.3352,2026-07-28 01:06:52.228,2026-07-28 01:06:53.259
person_ID_396,FLUSH,628,person,943,638,942,643,0.4316,2026-07-28 01:06:52.562,2026-07-28 01:06:53.400
person_ID_397,FLUSH,629,person,1274,488,1273,488,0.3219,2026-07-28 01:06:52.627,2026-07-28 01:06:53.494
person_ID_398,FLUSH,630,person,51,535,51,535,0.3039,2026-07-28 01:06:53.037,2026-07-28 01:06:53.494
car_ID_97,FLUSH,595,car,1207,510,1205,512,0.4057,2026-07-28 01:06:44.229,2026-07-28 01:06:53.535
person_ID_391,FLUSH,622,person,321,410,348,428,0.4658,2026-07-28 01:06:51.162,2026-07-28 01:06:53.561
person_ID_390,FLUSH,621,person,384,360,406,372,0.4206,2026-07-28 01:06:51.126,2026-07-28 01:06:53.724
person_ID_386,FLUSH,617,person,370,392,516,403,0.4049,2026-07-28 01:06:50.061,2026-07-28 01:06:55.999
person_ID_404,FLUSH,639,person,417,374,430,389,0.4730,2026-07-28 01:06:54.358,2026-07-28 01:06:57.296
person_ID_363,FLUSH,583,person,626,489,1108,663,0.5717,2026-07-28 01:06:38.227,2026-07-28 01:06:57.727
person_ID_409,FLUSH,646,person,1125,522,1125,522,0.3099,2026-07-28 01:06:57.233,2026-07-28 01:06:57.727
person_ID_408,FLUSH,645,person,693,425,694,425,0.3170,2026-07-28 01:06:57.169,2026-07-28 01:06:58.128
person_ID_407,FLUSH,643,person,536,406,585,398,0.3675,2026-07-28 01:06:56.291,2026-07-28 01:06:58.461
person_ID_401,FLUSH,635,person,387,433,557,436,0.5096,2026-07-28 01:06:53.888,2026-07-28 01:06:58.556
person_ID_338,FLUSH,547,person,376,397,993,663,0.6568,2026-07-28 01:06:27.868,2026-07-28 01:06:58.797
person_ID_302,FLUSH,494,person,800,659,1036,662,0.6850,2026-07-28 01:06:05.459,2026-07-28 01:06:58.989
car_ID_103,FLUSH,650,car,1205,510,1204,510,0.3310,2026-07-28 01:06:58.490,2026-07-28 01:06:59.160
car_ID_102,FLUSH,647,car,405,529,404,531,0.3963,2026-07-28 01:06:58.024,2026-07-28 01:06:59.194
person_ID_394,FLUSH,625,person,428,396,607,385,0.4516,2026-07-28 01:06:51.965,2026-07-28 01:06:59.657
person_ID_405,FLUSH,640,person,1255,490,1253,519,0.3625,2026-07-28 01:06:54.758,2026-07-28 01:06:59.789
person_ID_402,FLUSH,636,person,970,604,1175,652,0.6549,2026-07-28 01:06:53.992,2026-07-28 01:07:00.395
person_ID_400,FLUSH,634,person,386,378,434,410,0.5058,2026-07-28 01:06:53.622,2026-07-28 01:07:00.422
person_ID_413,FLUSH,653,person,1126,521,1126,520,0.3317,2026-07-28 01:06:58.658,2026-07-28 01:07:00.858
person_ID_403,FLUSH,637,person,51,536,51,535,0.3366,2026-07-28 01:06:54.025,2026-07-28 01:07:00.895
person_ID_399,FLUSH,631,person,423,376,579,410,0.4254,2026-07-28 01:06:53.126,2026-07-28 01:07:01.193
person_ID_412,FLUSH,652,person,693,425,694,424,0.3352,2026-07-28 01:06:58.628,2026-07-28 01:07:01.589
car_ID_104,FLUSH,660,car,404,530,405,530,0.3895,2026-07-28 01:07:01.095,2026-07-28 01:07:01.894
car_ID_106,FLUSH,661,car,1207,511,1207,511,0.3957,2026-07-28 01:07:01.589,2026-07-28 01:07:02.057
person_ID_414,FLUSH,655,person,1259,520,1271,523,0.3635,2026-07-28 01:07:00.423,2026-07-28 01:07:02.321
car_ID_105,FLUSH,656,car,345,472,343,471,0.3614,2026-07-28 01:07:01.193,2026-07-28 01:07:02.426
person_ID_418,FLUSH,662,person,598,380,597,380,0.3402,2026-07-28 01:07:01.690,2026-07-28 01:07:02.790
person_ID_417,FLUSH,659,person,50,535,50,535,0.3205,2026-07-28 01:07:01.094,2026-07-28 01:07:02.925
car_ID_108,FLUSH,665,car,403,532,403,532,0.3151,2026-07-28 01:07:06.022,2026-07-28 01:07:06.490
car_ID_107,FLUSH,666,car,344,471,343,471,0.3174,2026-07-28 01:07:05.926,2026-07-28 01:07:06.622
person_ID_389,FLUSH,620,person,285,340,601,583,0.5731,2026-07-28 01:06:50.860,2026-07-28 01:07:06.799
person_ID_423,FLUSH,671,person,52,536,51,536,0.3204,2026-07-28 01:07:06.960,2026-07-28 01:07:07.857
person_ID_420,FLUSH,668,person,1126,534,1119,540,0.3661,2026-07-28 01:07:06.490,2026-07-28 01:07:08.493
person_ID_411,FLUSH,651,person,575,437,594,421,0.4370,2026-07-28 01:06:58.627,2026-07-28 01:07:08.698
car_ID_109,FLUSH,673,car,406,529,405,534,0.3992,2026-07-28 01:07:08.128,2026-07-28 01:07:09.223
person_ID_421,FLUSH,669,person,635,592,802,664,0.6160,2026-07-28 01:07:06.799,2026-07-28 01:07:09.363
person_ID_426,FLUSH,676,person,1194,518,1186,509,0.3754,2026-07-28 01:07:09.158,2026-07-28 01:07:09.560
person_ID_416,FLUSH,658,person,623,401,635,426,0.4468,2026-07-28 01:07:01.094,2026-07-28 01:07:09.690
person_ID_275,FLUSH,447,person,507,537,1102,563,0.7395,2026-07-28 01:05:47.527,2026-07-28 01:07:09.789
person_ID_424,FLUSH,677,person,1158,636,1108,621,0.3713,2026-07-28 01:07:08.424,2026-07-28 01:07:09.789
car_ID_113,FLUSH,681,car,1265,529,1265,529,0.3293,2026-07-28 01:07:09.823,2026-07-28 01:07:10.325
person_ID_427,FLUSH,679,person,52,535,52,535,0.3108,2026-07-28 01:07:09.363,2026-07-28 01:07:10.361
person_ID_429,FLUSH,682,person,634,432,633,432,0.3262,2026-07-28 01:07:09.894,2026-07-28 01:07:10.790
car_ID_114,FLUSH,683,car,329,312,330,312,0.3413,2026-07-28 01:07:10.790,2026-07-28 01:07:11.430
car_ID_111,FLUSH,675,car,1235,551,1235,551,0.3484,2026-07-28 01:07:08.190,2026-07-28 01:07:11.828
car_ID_112,FLUSH,676,car,1208,511,1210,510,0.3837,2026-07-28 01:07:08.190,2026-07-28 01:07:12.430
person_ID_428,FLUSH,680,person,595,420,595,421,0.3473,2026-07-28 01:07:09.461,2026-07-28 01:07:12.630
car_ID_115,FLUSH,688,car,406,529,406,529,0.3263,2026-07-28 01:07:12.192,2026-07-28 01:07:12.790
person_ID_374,FLUSH,602,person,1171,540,1166,543,0.7063,2026-07-28 01:06:47.097,2026-07-28 01:07:12.869
person_ID_431,FLUSH,685,person,1041,545,983,538,0.3744,2026-07-28 01:07:11.224,2026-07-28 01:07:12.869
car_ID_116,FLUSH,689,car,330,311,330,310,0.3140,2026-07-28 01:07:13.194,2026-07-28 01:07:13.832
person_ID_434,FLUSH,691,person,595,420,594,419,0.3151,2026-07-28 01:07:13.427,2026-07-28 01:07:13.997
car_ID_118,FLUSH,693,car,1264,528,1264,528,0.3030,2026-07-28 01:07:14.258,2026-07-28 01:07:14.732
person_ID_406,FLUSH,642,person,403,393,793,631,0.5870,2026-07-28 01:06:56.000,2026-07-28 01:07:14.826
car_ID_117,FLUSH,692,car,405,529,405,530,0.4460,2026-07-28 01:07:13.494,2026-07-28 01:07:15.930
person_ID_437,FLUSH,696,person,835,645,843,647,0.4079,2026-07-28 01:07:15.405,2026-07-28 01:07:15.990
person_ID_435,FLUSH,694,person,594,420,600,418,0.3599,2026-07-28 01:07:14.694,2026-07-28 01:07:16.261
person_ID_387,FLUSH,618,person,323,384,996,658,0.6478,2026-07-28 01:06:50.192,2026-07-28 01:07:16.958
person_ID_436,FLUSH,695,person,51,536,51,536,0.3244,2026-07-28 01:07:15.261,2026-07-28 01:07:17.136
car_ID_119,FLUSH,698,car,405,531,406,530,0.3938,2026-07-28 01:07:17.592,2026-07-28 01:07:18.791
person_ID_415,FLUSH,657,person,443,405,960,662,0.6726,2026-07-28 01:07:00.758,2026-07-28 01:07:19.226
person_ID_410,FLUSH,649,person,443,390,1065,659,0.6473,2026-07-28 01:06:57.727,2026-07-28 01:07:20.131
car_ID_121,FLUSH,678,car,620,557,620,557,0.3636,2026-07-28 01:07:22.258,2026-07-28 01:07:22.558
person_ID_419,FINALIZE,667,person,1263,644,522,404,0.4397,2026-07-28 01:07:05.722,2026-07-28 01:07:23.823
person_ID_422,FINALIZE,670,person,1268,655,540,414,0.5781,2026-07-28 01:07:06.924,2026-07-28 01:07:23.821
person_ID_425,FINALIZE,678,person,1120,530,539,543,0.6230,2026-07-28 01:07:09.028,2026-07-28 01:07:23.823
person_ID_430,FINALIZE,684,person,1032,637,494,422,0.5805,2026-07-28 01:07:11.224,2026-07-28 01:07:23.823
person_ID_432,FINALIZE,686,person,1117,544,897,601,0.6275,2026-07-28 01:07:11.330,2026-07-28 01:07:23.820
person_ID_433,FINALIZE,690,person,1165,544,1164,543,0.6764,2026-07-28 01:07:13.362,2026-07-28 01:07:23.820
person_ID_438,FINALIZE,699,person,1268,496,1257,501,0.5029,2026-07-28 01:07:18.958,2026-07-28 01:07:23.821
person_ID_439,FINALIZE,702,person,598,379,602,377,0.3320,2026-07-28 01:07:21.460,2026-07-28 01:07:23.225
person_ID_440,FINALIZE,703,person,593,424,559,405,0.5475,2026-07-28 01:07:22.461,2026-07-28 01:07:23.823
person_ID_441,FINALIZE,704,person,536,417,502,408,0.3601,2026-07-28 01:07:22.489,2026-07-28 01:07:23.823
person_ID_442,FINALIZE,707,person,433,343,433,343,0.3315,2026-07-28 01:07:22.994,2026-07-28 01:07:23.824
person_ID_443,FINALIZE,709,person,596,381,596,383,0.3707,2026-07-28 01:07:23.789,2026-07-28 01:07:23.823
car_ID_110,FINALIZE,674,car,344,472,343,472,0.4369,2026-07-28 01:07:08.165,2026-07-28 01:07:23.661
car_ID_120,FINALIZE,701,car,404,530,405,531,0.3706,2026-07-28 01:07:20.193,2026-07-28 01:07:23.097
